SDB,1,DE1001-CITIZENSHIP,A
SDB,1,DE1001-CITIZENSHIP,C
SDB,1,DE1001-CITIZENSHIP,P
SDB,1,DE1001-CITIZENSHIP,X
SDB,1,DE1002-DISABLED-CLASS,A
SDB,1,DE1002-DISABLED-CLASS,B
SDB,1,DE1002-DISABLED-CLASS,H
SDB,1,DE1002-DISABLED-CLASS,I
SDB,1,DE1002-DISABLED-CLASS,L
SDB,1,DE1002-DISABLED-CLASS,M
SDB,1,DE1002-DISABLED-CLASS,O
SDB,1,DE1002-DISABLED-CLASS,P
SDB,1,DE1002-DISABLED-CLASS,S
SDB,1,DE1002-DISABLED-CLASS,V
SDB,1,DE1002-DISABLED-CLASS,Z
SDB,1,DE1004-RESIDENCE-FEE,A
SDB,1,DE1004-RESIDENCE-FEE,B
SDB,1,DE1004-RESIDENCE-FEE,C
SDB,1,DE1004-RESIDENCE-FEE,F
SDB,1,DE1004-RESIDENCE-FEE,N
SDB,1,DE1004-RESIDENCE-FEE,D
SDB,1,DE1004-RESIDENCE-FEE,E
SDB,1,DE1004-RESIDENCE-FEE,X
SDB,1,DE1005-FTIC-FLG,D
SDB,1,DE1005-FTIC-FLG,N
SDB,1,DE1005-FTIC-FLG,Y
SDB,1,DE1005-FTIC-FLG,Z
SDB,1,DE1006-GENDER,F
SDB,1,DE1006-GENDER,M
SDB,1,DE1006-GENDER,X
SDB,1,DE1008-HS-GRADUATION-CODE,A
SDB,1,DE1008-HS-GRADUATION-CODE,B
SDB,1,DE1008-HS-GRADUATION-CODE,C
SDB,1,DE1008-HS-GRADUATION-CODE,D
SDB,1,DE1008-HS-GRADUATION-CODE,O
SDB,1,DE1008-HS-GRADUATION-CODE,X
SDB,1,DE1011-INCARCERATION-STATUS,C
SDB,1,DE1011-INCARCERATION-STATUS,D
SDB,1,DE1011-INCARCERATION-STATUS,E
SDB,1,DE1011-INCARCERATION-STATUS,S
SDB,1,DE1011-INCARCERATION-STATUS,Z
SDB,1,DE1013-LIMITED-ENGLISH,Y
SDB,1,DE1013-LIMITED-ENGLISH,Z
SDB,1,DE1018-ADMISSON-STATE-CODE,1
SDB,1,DE1018-ADMISSON-STATE-CODE,2
SDB,1,DE1018-ADMISSON-STATE-CODE,4
SDB,1,DE1018-ADMISSON-STATE-CODE,5
SDB,1,DE1018-ADMISSON-STATE-CODE,6
SDB,1,DE1018-ADMISSON-STATE-CODE,8
SDB,1,DE1018-ADMISSON-STATE-CODE,9
SDB,1,DE1018-ADMISSON-STATE-CODE,10
SDB,1,DE1018-ADMISSON-STATE-CODE,11
SDB,1,DE1018-ADMISSON-STATE-CODE,12
SDB,1,DE1018-ADMISSON-STATE-CODE,13
SDB,1,DE1018-ADMISSON-STATE-CODE,15
SDB,1,DE1018-ADMISSON-STATE-CODE,16
SDB,1,DE1018-ADMISSON-STATE-CODE,17
SDB,1,DE1018-ADMISSON-STATE-CODE,18
SDB,1,DE1018-ADMISSON-STATE-CODE,19
SDB,1,DE1018-ADMISSON-STATE-CODE,20
SDB,1,DE1018-ADMISSON-STATE-CODE,21
SDB,1,DE1018-ADMISSON-STATE-CODE,22
SDB,1,DE1018-ADMISSON-STATE-CODE,23
SDB,1,DE1018-ADMISSON-STATE-CODE,24
SDB,1,DE1018-ADMISSON-STATE-CODE,25
SDB,1,DE1018-ADMISSON-STATE-CODE,26
SDB,1,DE1018-ADMISSON-STATE-CODE,27
SDB,1,DE1018-ADMISSON-STATE-CODE,28
SDB,1,DE1018-ADMISSON-STATE-CODE,29
SDB,1,DE1018-ADMISSON-STATE-CODE,30
SDB,1,DE1018-ADMISSON-STATE-CODE,31
SDB,1,DE1018-ADMISSON-STATE-CODE,32
SDB,1,DE1018-ADMISSON-STATE-CODE,33
SDB,1,DE1018-ADMISSON-STATE-CODE,34
SDB,1,DE1018-ADMISSON-STATE-CODE,35
SDB,1,DE1018-ADMISSON-STATE-CODE,36
SDB,1,DE1018-ADMISSON-STATE-CODE,37
SDB,1,DE1018-ADMISSON-STATE-CODE,38
SDB,1,DE1018-ADMISSON-STATE-CODE,39
SDB,1,DE1018-ADMISSON-STATE-CODE,40
SDB,1,DE1018-ADMISSON-STATE-CODE,41
SDB,1,DE1018-ADMISSON-STATE-CODE,42
SDB,1,DE1018-ADMISSON-STATE-CODE,44
SDB,1,DE1018-ADMISSON-STATE-CODE,45
SDB,1,DE1018-ADMISSON-STATE-CODE,46
SDB,1,DE1018-ADMISSON-STATE-CODE,47
SDB,1,DE1018-ADMISSON-STATE-CODE,48
SDB,1,DE1018-ADMISSON-STATE-CODE,49
SDB,1,DE1018-ADMISSON-STATE-CODE,50
SDB,1,DE1018-ADMISSON-STATE-CODE,51
SDB,1,DE1018-ADMISSON-STATE-CODE,53
SDB,1,DE1018-ADMISSON-STATE-CODE,54
SDB,1,DE1018-ADMISSON-STATE-CODE,55
SDB,1,DE1018-ADMISSON-STATE-CODE,56
SDB,1,DE1018-ADMISSON-STATE-CODE,57
SDB,1,DE1018-ADMISSON-STATE-CODE,60
SDB,1,DE1018-ADMISSON-STATE-CODE,64
SDB,1,DE1018-ADMISSON-STATE-CODE,66
SDB,1,DE1018-ADMISSON-STATE-CODE,68
SDB,1,DE1018-ADMISSON-STATE-CODE,69
SDB,1,DE1018-ADMISSON-STATE-CODE,70
SDB,1,DE1018-ADMISSON-STATE-CODE,72
SDB,1,DE1018-ADMISSON-STATE-CODE,78
SDB,1,DE1018-ADMISSON-STATE-CODE,90
SDB,1,DE1018-ADMISSON-STATE-CODE,XX
SDB,1,DE1029-TRM-P-F-STAT,F
SDB,1,DE1029-TRM-P-F-STAT,P
SDB,1,DE1029-TRM-P-F-STAT,S
SDB,1,DE1029-TRM-P-F-STAT,Z
SDB,1,DE1032-TRANSFER-FLG,F
SDB,1,DE1032-TRANSFER-FLG,N
SDB,1,DE1032-TRANSFER-FLG,Y
SDB,1,DE1032-TRANSFER-FLG,Z
SDB,1,DE1033-NATION-OF-CITIZENSHIP,AF
SDB,1,DE1033-NATION-OF-CITIZENSHIP,AX
SDB,1,DE1033-NATION-OF-CITIZENSHIP,AL
SDB,1,DE1033-NATION-OF-CITIZENSHIP,AG
SDB,1,DE1033-NATION-OF-CITIZENSHIP,AN
SDB,1,DE1033-NATION-OF-CITIZENSHIP,AO
SDB,1,DE1033-NATION-OF-CITIZENSHIP,AV
SDB,1,DE1033-NATION-OF-CITIZENSHIP,AC
SDB,1,DE1033-NATION-OF-CITIZENSHIP,AR
SDB,1,DE1033-NATION-OF-CITIZENSHIP,AM
SDB,1,DE1033-NATION-OF-CITIZENSHIP,AA
SDB,1,DE1033-NATION-OF-CITIZENSHIP,AT
SDB,1,DE1033-NATION-OF-CITIZENSHIP,AS
SDB,1,DE1033-NATION-OF-CITIZENSHIP,AU
SDB,1,DE1033-NATION-OF-CITIZENSHIP,AJ
SDB,1,DE1033-NATION-OF-CITIZENSHIP,BF
SDB,1,DE1033-NATION-OF-CITIZENSHIP,BA
SDB,1,DE1033-NATION-OF-CITIZENSHIP,BG
SDB,1,DE1033-NATION-OF-CITIZENSHIP,BB
SDB,1,DE1033-NATION-OF-CITIZENSHIP,BS
SDB,1,DE1033-NATION-OF-CITIZENSHIP,BO
SDB,1,DE1033-NATION-OF-CITIZENSHIP,BE
SDB,1,DE1033-NATION-OF-CITIZENSHIP,BH
SDB,1,DE1033-NATION-OF-CITIZENSHIP,BN
SDB,1,DE1033-NATION-OF-CITIZENSHIP,BD
SDB,1,DE1033-NATION-OF-CITIZENSHIP,BT
SDB,1,DE1033-NATION-OF-CITIZENSHIP,BL
SDB,1,DE1033-NATION-OF-CITIZENSHIP,BK
SDB,1,DE1033-NATION-OF-CITIZENSHIP,BC
SDB,1,DE1033-NATION-OF-CITIZENSHIP,BV
SDB,1,DE1033-NATION-OF-CITIZENSHIP,BR
SDB,1,DE1033-NATION-OF-CITIZENSHIP,IO
SDB,1,DE1033-NATION-OF-CITIZENSHIP,VI
SDB,1,DE1033-NATION-OF-CITIZENSHIP,BX
SDB,1,DE1033-NATION-OF-CITIZENSHIP,BU
SDB,1,DE1033-NATION-OF-CITIZENSHIP,UV
SDB,1,DE1033-NATION-OF-CITIZENSHIP,BM
SDB,1,DE1033-NATION-OF-CITIZENSHIP,BY
SDB,1,DE1033-NATION-OF-CITIZENSHIP,CB
SDB,1,DE1033-NATION-OF-CITIZENSHIP,CM
SDB,1,DE1033-NATION-OF-CITIZENSHIP,CA
SDB,1,DE1033-NATION-OF-CITIZENSHIP,CV
SDB,1,DE1033-NATION-OF-CITIZENSHIP,CJ
SDB,1,DE1033-NATION-OF-CITIZENSHIP,CT
SDB,1,DE1033-NATION-OF-CITIZENSHIP,CD
SDB,1,DE1033-NATION-OF-CITIZENSHIP,CI
SDB,1,DE1033-NATION-OF-CITIZENSHIP,CH
SDB,1,DE1033-NATION-OF-CITIZENSHIP,KT
SDB,1,DE1033-NATION-OF-CITIZENSHIP,IP
SDB,1,DE1033-NATION-OF-CITIZENSHIP,CK
SDB,1,DE1033-NATION-OF-CITIZENSHIP,CO
SDB,1,DE1033-NATION-OF-CITIZENSHIP,CN
SDB,1,DE1033-NATION-OF-CITIZENSHIP,CF
SDB,1,DE1033-NATION-OF-CITIZENSHIP,CG
SDB,1,DE1033-NATION-OF-CITIZENSHIP,CW
SDB,1,DE1033-NATION-OF-CITIZENSHIP,CR
SDB,1,DE1033-NATION-OF-CITIZENSHIP,CS
SDB,1,DE1033-NATION-OF-CITIZENSHIP,IV
SDB,1,DE1033-NATION-OF-CITIZENSHIP,HR
SDB,1,DE1033-NATION-OF-CITIZENSHIP,CU
SDB,1,DE1033-NATION-OF-CITIZENSHIP,UC
SDB,1,DE1033-NATION-OF-CITIZENSHIP,CY
SDB,1,DE1033-NATION-OF-CITIZENSHIP,EZ
SDB,1,DE1033-NATION-OF-CITIZENSHIP,DA
SDB,1,DE1033-NATION-OF-CITIZENSHIP,DX
SDB,1,DE1033-NATION-OF-CITIZENSHIP,DJ
SDB,1,DE1033-NATION-OF-CITIZENSHIP,DO
SDB,1,DE1033-NATION-OF-CITIZENSHIP,DR
SDB,1,DE1033-NATION-OF-CITIZENSHIP,EC
SDB,1,DE1033-NATION-OF-CITIZENSHIP,EG
SDB,1,DE1033-NATION-OF-CITIZENSHIP,ES
SDB,1,DE1033-NATION-OF-CITIZENSHIP,EK
SDB,1,DE1033-NATION-OF-CITIZENSHIP,ER
SDB,1,DE1033-NATION-OF-CITIZENSHIP,EN
SDB,1,DE1033-NATION-OF-CITIZENSHIP,ET
SDB,1,DE1033-NATION-OF-CITIZENSHIP,PJ
SDB,1,DE1033-NATION-OF-CITIZENSHIP,EU
SDB,1,DE1033-NATION-OF-CITIZENSHIP,FK
SDB,1,DE1033-NATION-OF-CITIZENSHIP,FO
SDB,1,DE1033-NATION-OF-CITIZENSHIP,FJ
SDB,1,DE1033-NATION-OF-CITIZENSHIP,FI
SDB,1,DE1033-NATION-OF-CITIZENSHIP,FR
SDB,1,DE1033-NATION-OF-CITIZENSHIP,FG
SDB,1,DE1033-NATION-OF-CITIZENSHIP,FP
SDB,1,DE1033-NATION-OF-CITIZENSHIP,FS
SDB,1,DE1033-NATION-OF-CITIZENSHIP,GB
SDB,1,DE1033-NATION-OF-CITIZENSHIP,GA
SDB,1,DE1033-NATION-OF-CITIZENSHIP,GZ
SDB,1,DE1033-NATION-OF-CITIZENSHIP,GG
SDB,1,DE1033-NATION-OF-CITIZENSHIP,GM
SDB,1,DE1033-NATION-OF-CITIZENSHIP,GH
SDB,1,DE1033-NATION-OF-CITIZENSHIP,GI
SDB,1,DE1033-NATION-OF-CITIZENSHIP,GO
SDB,1,DE1033-NATION-OF-CITIZENSHIP,GR
SDB,1,DE1033-NATION-OF-CITIZENSHIP,GL
SDB,1,DE1033-NATION-OF-CITIZENSHIP,GJ
SDB,1,DE1033-NATION-OF-CITIZENSHIP,GP
SDB,1,DE1033-NATION-OF-CITIZENSHIP,GT
SDB,1,DE1033-NATION-OF-CITIZENSHIP,GK
SDB,1,DE1033-NATION-OF-CITIZENSHIP,GV
SDB,1,DE1033-NATION-OF-CITIZENSHIP,PU
SDB,1,DE1033-NATION-OF-CITIZENSHIP,GY
SDB,1,DE1033-NATION-OF-CITIZENSHIP,HA
SDB,1,DE1033-NATION-OF-CITIZENSHIP,HM
SDB,1,DE1033-NATION-OF-CITIZENSHIP,HO
SDB,1,DE1033-NATION-OF-CITIZENSHIP,HK
SDB,1,DE1033-NATION-OF-CITIZENSHIP,HU
SDB,1,DE1033-NATION-OF-CITIZENSHIP,IC
SDB,1,DE1033-NATION-OF-CITIZENSHIP,IN
SDB,1,DE1033-NATION-OF-CITIZENSHIP,ID
SDB,1,DE1033-NATION-OF-CITIZENSHIP,IR
SDB,1,DE1033-NATION-OF-CITIZENSHIP,IZ
SDB,1,DE1033-NATION-OF-CITIZENSHIP,EI
SDB,1,DE1033-NATION-OF-CITIZENSHIP,IM
SDB,1,DE1033-NATION-OF-CITIZENSHIP,IS
SDB,1,DE1033-NATION-OF-CITIZENSHIP,IT
SDB,1,DE1033-NATION-OF-CITIZENSHIP,JM
SDB,1,DE1033-NATION-OF-CITIZENSHIP,JN
SDB,1,DE1033-NATION-OF-CITIZENSHIP,JA
SDB,1,DE1033-NATION-OF-CITIZENSHIP,JE
SDB,1,DE1033-NATION-OF-CITIZENSHIP,JO
SDB,1,DE1033-NATION-OF-CITIZENSHIP,JU
SDB,1,DE1033-NATION-OF-CITIZENSHIP,KZ
SDB,1,DE1033-NATION-OF-CITIZENSHIP,KE
SDB,1,DE1033-NATION-OF-CITIZENSHIP,KR
SDB,1,DE1033-NATION-OF-CITIZENSHIP,KV
SDB,1,DE1033-NATION-OF-CITIZENSHIP,KU
SDB,1,DE1033-NATION-OF-CITIZENSHIP,KG
SDB,1,DE1033-NATION-OF-CITIZENSHIP,LA
SDB,1,DE1033-NATION-OF-CITIZENSHIP,LG
SDB,1,DE1033-NATION-OF-CITIZENSHIP,LE
SDB,1,DE1033-NATION-OF-CITIZENSHIP,LT
SDB,1,DE1033-NATION-OF-CITIZENSHIP,LI
SDB,1,DE1033-NATION-OF-CITIZENSHIP,LY
SDB,1,DE1033-NATION-OF-CITIZENSHIP,LS
SDB,1,DE1033-NATION-OF-CITIZENSHIP,LH
SDB,1,DE1033-NATION-OF-CITIZENSHIP,LU
SDB,1,DE1033-NATION-OF-CITIZENSHIP,MC
SDB,1,DE1033-NATION-OF-CITIZENSHIP,MK
SDB,1,DE1033-NATION-OF-CITIZENSHIP,MA
SDB,1,DE1033-NATION-OF-CITIZENSHIP,MI
SDB,1,DE1033-NATION-OF-CITIZENSHIP,MY
SDB,1,DE1033-NATION-OF-CITIZENSHIP,MV
SDB,1,DE1033-NATION-OF-CITIZENSHIP,ML
SDB,1,DE1033-NATION-OF-CITIZENSHIP,MT
SDB,1,DE1033-NATION-OF-CITIZENSHIP,RM
SDB,1,DE1033-NATION-OF-CITIZENSHIP,MB
SDB,1,DE1033-NATION-OF-CITIZENSHIP,MR
SDB,1,DE1033-NATION-OF-CITIZENSHIP,MP
SDB,1,DE1033-NATION-OF-CITIZENSHIP,MF
SDB,1,DE1033-NATION-OF-CITIZENSHIP,MX
SDB,1,DE1033-NATION-OF-CITIZENSHIP,FM
SDB,1,DE1033-NATION-OF-CITIZENSHIP,MD
SDB,1,DE1033-NATION-OF-CITIZENSHIP,MN
SDB,1,DE1033-NATION-OF-CITIZENSHIP,MG
SDB,1,DE1033-NATION-OF-CITIZENSHIP,MJ
SDB,1,DE1033-NATION-OF-CITIZENSHIP,MH
SDB,1,DE1033-NATION-OF-CITIZENSHIP,MO
SDB,1,DE1033-NATION-OF-CITIZENSHIP,MZ
SDB,1,DE1033-NATION-OF-CITIZENSHIP,WA
SDB,1,DE1033-NATION-OF-CITIZENSHIP,NR
SDB,1,DE1033-NATION-OF-CITIZENSHIP,NP
SDB,1,DE1033-NATION-OF-CITIZENSHIP,NL
SDB,1,DE1033-NATION-OF-CITIZENSHIP,U2
SDB,1,DE1033-NATION-OF-CITIZENSHIP,NC
SDB,1,DE1033-NATION-OF-CITIZENSHIP,NZ
SDB,1,DE1033-NATION-OF-CITIZENSHIP,NU
SDB,1,DE1033-NATION-OF-CITIZENSHIP,NG
SDB,1,DE1033-NATION-OF-CITIZENSHIP,NI
SDB,1,DE1033-NATION-OF-CITIZENSHIP,NE
SDB,1,DE1033-NATION-OF-CITIZENSHIP,NF
SDB,1,DE1033-NATION-OF-CITIZENSHIP,KN
SDB,1,DE1033-NATION-OF-CITIZENSHIP,NO
SDB,1,DE1033-NATION-OF-CITIZENSHIP,MU
SDB,1,DE1033-NATION-OF-CITIZENSHIP,PK
SDB,1,DE1033-NATION-OF-CITIZENSHIP,PS
SDB,1,DE1033-NATION-OF-CITIZENSHIP,PM
SDB,1,DE1033-NATION-OF-CITIZENSHIP,PP
SDB,1,DE1033-NATION-OF-CITIZENSHIP,PF
SDB,1,DE1033-NATION-OF-CITIZENSHIP,PA
SDB,1,DE1033-NATION-OF-CITIZENSHIP,PE
SDB,1,DE1033-NATION-OF-CITIZENSHIP,RP
SDB,1,DE1033-NATION-OF-CITIZENSHIP,PC
SDB,1,DE1033-NATION-OF-CITIZENSHIP,PL
SDB,1,DE1033-NATION-OF-CITIZENSHIP,PO
SDB,1,DE1033-NATION-OF-CITIZENSHIP,QA
SDB,1,DE1033-NATION-OF-CITIZENSHIP,RE
SDB,1,DE1033-NATION-OF-CITIZENSHIP,RO
SDB,1,DE1033-NATION-OF-CITIZENSHIP,RS
SDB,1,DE1033-NATION-OF-CITIZENSHIP,RW
SDB,1,DE1033-NATION-OF-CITIZENSHIP,TB
SDB,1,DE1033-NATION-OF-CITIZENSHIP,SH
SDB,1,DE1033-NATION-OF-CITIZENSHIP,SC
SDB,1,DE1033-NATION-OF-CITIZENSHIP,ST
SDB,1,DE1033-NATION-OF-CITIZENSHIP,RN
SDB,1,DE1033-NATION-OF-CITIZENSHIP,SB
SDB,1,DE1033-NATION-OF-CITIZENSHIP,VC
SDB,1,DE1033-NATION-OF-CITIZENSHIP,WS
SDB,1,DE1033-NATION-OF-CITIZENSHIP,SM
SDB,1,DE1033-NATION-OF-CITIZENSHIP,TP
SDB,1,DE1033-NATION-OF-CITIZENSHIP,SA
SDB,1,DE1033-NATION-OF-CITIZENSHIP,SG
SDB,1,DE1033-NATION-OF-CITIZENSHIP,RI
SDB,1,DE1033-NATION-OF-CITIZENSHIP,SE
SDB,1,DE1033-NATION-OF-CITIZENSHIP,SL
SDB,1,DE1033-NATION-OF-CITIZENSHIP,SN
SDB,1,DE1033-NATION-OF-CITIZENSHIP,NN
SDB,1,DE1033-NATION-OF-CITIZENSHIP,LO
SDB,1,DE1033-NATION-OF-CITIZENSHIP,SI
SDB,1,DE1033-NATION-OF-CITIZENSHIP,BP
SDB,1,DE1033-NATION-OF-CITIZENSHIP,SO
SDB,1,DE1033-NATION-OF-CITIZENSHIP,SF
SDB,1,DE1033-NATION-OF-CITIZENSHIP,SX
SDB,1,DE1033-NATION-OF-CITIZENSHIP,KS
SDB,1,DE1033-NATION-OF-CITIZENSHIP,OD
SDB,1,DE1033-NATION-OF-CITIZENSHIP,SP
SDB,1,DE1033-NATION-OF-CITIZENSHIP,PG
SDB,1,DE1033-NATION-OF-CITIZENSHIP,CE
SDB,1,DE1033-NATION-OF-CITIZENSHIP,U3
SDB,1,DE1033-NATION-OF-CITIZENSHIP,SU
SDB,1,DE1033-NATION-OF-CITIZENSHIP,NS
SDB,1,DE1033-NATION-OF-CITIZENSHIP,SV
SDB,1,DE1033-NATION-OF-CITIZENSHIP,WZ
SDB,1,DE1033-NATION-OF-CITIZENSHIP,SW
SDB,1,DE1033-NATION-OF-CITIZENSHIP,SZ
SDB,1,DE1033-NATION-OF-CITIZENSHIP,SY
SDB,1,DE1033-NATION-OF-CITIZENSHIP,TW
SDB,1,DE1033-NATION-OF-CITIZENSHIP,TI
SDB,1,DE1033-NATION-OF-CITIZENSHIP,TZ
SDB,1,DE1033-NATION-OF-CITIZENSHIP,TH
SDB,1,DE1033-NATION-OF-CITIZENSHIP,TT
SDB,1,DE1033-NATION-OF-CITIZENSHIP,TO
SDB,1,DE1033-NATION-OF-CITIZENSHIP,TL
SDB,1,DE1033-NATION-OF-CITIZENSHIP,TN
SDB,1,DE1033-NATION-OF-CITIZENSHIP,TD
SDB,1,DE1033-NATION-OF-CITIZENSHIP,TE
SDB,1,DE1033-NATION-OF-CITIZENSHIP,TS
SDB,1,DE1033-NATION-OF-CITIZENSHIP,TU
SDB,1,DE1033-NATION-OF-CITIZENSHIP,TX
SDB,1,DE1033-NATION-OF-CITIZENSHIP,TK
SDB,1,DE1033-NATION-OF-CITIZENSHIP,TV
SDB,1,DE1033-NATION-OF-CITIZENSHIP,UG
SDB,1,DE1033-NATION-OF-CITIZENSHIP,UP
SDB,1,DE1033-NATION-OF-CITIZENSHIP,AE
SDB,1,DE1033-NATION-OF-CITIZENSHIP,UK
SDB,1,DE1033-NATION-OF-CITIZENSHIP,US
SDB,1,DE1033-NATION-OF-CITIZENSHIP,U5
SDB,1,DE1033-NATION-OF-CITIZENSHIP,UY
SDB,1,DE1033-NATION-OF-CITIZENSHIP,UZ
SDB,1,DE1033-NATION-OF-CITIZENSHIP,NH
SDB,1,DE1033-NATION-OF-CITIZENSHIP,VT
SDB,1,DE1033-NATION-OF-CITIZENSHIP,VE
SDB,1,DE1033-NATION-OF-CITIZENSHIP,VM
SDB,1,DE1033-NATION-OF-CITIZENSHIP,WF
SDB,1,DE1033-NATION-OF-CITIZENSHIP,WE
SDB,1,DE1033-NATION-OF-CITIZENSHIP,WI
SDB,1,DE1033-NATION-OF-CITIZENSHIP,YM
SDB,1,DE1033-NATION-OF-CITIZENSHIP,ZA
SDB,1,DE1033-NATION-OF-CITIZENSHIP,ZI
SDB,1,DE1035-VER-DIS-CLASS-IND,D
SDB,1,DE1035-VER-DIS-CLASS-IND,N
SDB,1,DE1035-VER-DIS-CLASS-IND,Y
SDB,1,DE1036-RACE-WHITE,Y
SDB,1,DE1036-RACE-WHITE,N
SDB,1,DE1036-RACE-WHITE,X
SDB,1,DE1037-RACE-BLACK,Y
SDB,1,DE1037-RACE-BLACK,N
SDB,1,DE1037-RACE-BLACK,X
SDB,1,DE1038-RACE-ASIAN,Y
SDB,1,DE1038-RACE-ASIAN,N
SDB,1,DE1038-RACE-ASIAN,X
SDB,1,DE1039-RACE-NATIVE,Y
SDB,1,DE1039-RACE-NATIVE,N
SDB,1,DE1039-RACE-NATIVE,X
SDB,1,DE1040-RACE-HAWAIIAN,Y
SDB,1,DE1040-RACE-HAWAIIAN,N
SDB,1,DE1040-RACE-HAWAIIAN,X
SDB,1,DE1041-RACE-HISPANIC,Y
SDB,1,DE1041-RACE-HISPANIC,N
SDB,1,DE1041-RACE-HISPANIC,X
SDB,1,DE1042-ATHLETIC-AID,2
SDB,1,DE1042-ATHLETIC-AID,3
SDB,1,DE1042-ATHLETIC-AID,4
SDB,1,DE1042-ATHLETIC-AID,5
SDB,1,DE1042-ATHLETIC-AID,9
SDB,1,DE1043-CAREER-FLG,Y
SDB,1,DE1043-CAREER-FLG,N
SDB,1,DE1047-ADULT-LEVEL-SCHL-ACH,N
SDB,1,DE1047-ADULT-LEVEL-SCHL-ACH,E
SDB,1,DE1047-ADULT-LEVEL-SCHL-ACH,M
SDB,1,DE1047-ADULT-LEVEL-SCHL-ACH,H
SDB,1,DE1047-ADULT-LEVEL-SCHL-ACH,D
SDB,1,DE1047-ADULT-LEVEL-SCHL-ACH,G
SDB,1,DE1047-ADULT-LEVEL-SCHL-ACH,S
SDB,1,DE1047-ADULT-LEVEL-SCHL-ACH,C
SDB,1,DE1047-ADULT-LEVEL-SCHL-ACH,X
SDB,1,DE1047-ADULT-LEVEL-SCHL-ACH,Z
SDB,1,DE1048-ADULT-ORG-SCHL,U
SDB,1,DE1048-ADULT-ORG-SCHL,N
SDB,1,DE1048-ADULT-ORG-SCHL,X
SDB,1,DE1048-ADULT-ORG-SCHL,Z
SDB,1,DE1049-DIST-ED-STU-LOC,O
SDB,1,DE1049-DIST-ED-STU-LOC,S
SDB,1,DE1049-DIST-ED-STU-LOC,U
SDB,1,DE1049-DIST-ED-STU-LOC,X
SDB,1,DE1049-DIST-ED-STU-LOC,Z
SDB,1,DE1050-HSCHOOL-DEV,Y
SDB,1,DE1050-HSCHOOL-DEV,N
SDB,1,DE1050-HSCHOOL-DEV,D
SDB,1,DE1050-HSCHOOL-DEV,W
SDB,1,DE1050-HSCHOOL-DEV,X
SDB,1,DE1051-MIL-DEV,Y
SDB,1,DE1051-MIL-DEV,N
SDB,1,DE1051-MIL-DEV,W
SDB,1,DE1051-MIL-DEV,X
SDB,1,DE1052-AGE-ADULT-EMPL,E
SDB,1,DE1052-AGE-ADULT-EMPL,S
SDB,1,DE1052-AGE-ADULT-EMPL,U
SDB,1,DE1052-AGE-ADULT-EMPL,N
SDB,1,DE1052-AGE-ADULT-EMPL,Z
SDB,1,DE1053-HIGHEST-ED-P1,L
SDB,1,DE1053-HIGHEST-ED-P1,D
SDB,1,DE1053-HIGHEST-ED-P1,T
SDB,1,DE1053-HIGHEST-ED-P1,C
SDB,1,DE1053-HIGHEST-ED-P1,A
SDB,1,DE1053-HIGHEST-ED-P1,B
SDB,1,DE1053-HIGHEST-ED-P1,P
SDB,1,DE1053-HIGHEST-ED-P1,X
SDB,1,DE1053-HIGHEST-ED-P1,Z
SDB,1,DE1054-HIGHEST-ED-P2,L
SDB,1,DE1054-HIGHEST-ED-P2,D
SDB,1,DE1054-HIGHEST-ED-P2,T
SDB,1,DE1054-HIGHEST-ED-P2,C
SDB,1,DE1054-HIGHEST-ED-P2,A
SDB,1,DE1054-HIGHEST-ED-P2,B
SDB,1,DE1054-HIGHEST-ED-P2,P
SDB,1,DE1057-MILITARY-STATUS,A
SDB,1,DE1057-MILITARY-STATUS,D
SDB,1,DE1057-MILITARY-STATUS,N
SDB,1,DE1057-MILITARY-STATUS,R
SDB,1,DE1057-MILITARY-STATUS,V
SDB,1,DE1057-MILITARY-STATUS,W
SDB,1,DE1057-MILITARY-STATUS,E
SDB,1,DE1057-MILITARY-STATUS,Y
SDB,1,DE1057-MILITARY-STATUS,Z
SDB,1,DE1057-MILITARY-STATUS,X
SDB,1,DE1058-SINGLE-PARENT,B
SDB,1,DE1058-SINGLE-PARENT,S
SDB,1,DE1058-SINGLE-PARENT,W
SDB,1,DE1058-SINGLE-PARENT,Z
SDB,1,DE1059-DISPLACED_HOMEMAKER,A
SDB,1,DE1059-DISPLACED_HOMEMAKER,B
SDB,1,DE1059-DISPLACED_HOMEMAKER,C
SDB,1,DE1059-DISPLACED_HOMEMAKER,D
SDB,1,DE1059-DISPLACED_HOMEMAKER,Z
SDB,1,DE1060-EX-OFFENDER,A
SDB,1,DE1060-EX-OFFENDER,N
SDB,1,DE1060-EX-OFFENDER,Z
SDB,1,DE1061-HOMELESS-RUNAWAY,A
SDB,1,DE1061-HOMELESS-RUNAWAY,B
SDB,1,DE1061-HOMELESS-RUNAWAY,C
SDB,1,DE1061-HOMELESS-RUNAWAY,D
SDB,1,DE1061-HOMELESS-RUNAWAY,N
SDB,1,DE1061-HOMELESS-RUNAWAY,Z
SDB,1,DE1062-EMP-BARRIER,C
SDB,1,DE1062-EMP-BARRIER,N
SDB,1,DE1062-EMP-BARRIER,Z
SDB,1,DE1063-MIGRANT-WORK,A
SDB,1,DE1063-MIGRANT-WORK,B
SDB,1,DE1063-MIGRANT-WORK,N
SDB,1,DE1063-MIGRANT-WORK,Z
SDB,1,DE1064-LVL-SCHOOL,1
SDB,1,DE1064-LVL-SCHOOL,2
SDB,1,DE1064-LVL-SCHOOL,3
SDB,1,DE1064-LVL-SCHOOL,4
SDB,1,DE1064-LVL-SCHOOL,5
SDB,1,DE1064-LVL-SCHOOL,6
SDB,1,DE1064-LVL-SCHOOL,7
SDB,1,DE1064-LVL-SCHOOL,8
SDB,1,DE1064-LVL-SCHOOL,9
SDB,1,DE1064-LVL-SCHOOL,10
SDB,1,DE1064-LVL-SCHOOL,11
SDB,1,DE1064-LVL-SCHOOL,12
SDB,1,DE1064-LVL-SCHOOL,D1
SDB,1,DE1064-LVL-SCHOOL,G1
SDB,1,DE1064-LVL-SCHOOL,15
SDB,1,DE1064-LVL-SCHOOL,16
SDB,1,DE1064-LVL-SCHOOL,17
SDB,1,DE1064-LVL-SCHOOL,18
SDB,1,DE1064-LVL-SCHOOL,19
SDB,1,DE1064-LVL-SCHOOL,20
SDB,1,DE1064-LVL-SCHOOL,21
SDB,1,DE1064-LVL-SCHOOL,22
SDB,1,DE1064-LVL-SCHOOL,ZZ
SDB,1,DE1064-LVL-SCHOOL,NN
SDB,2,DE1102,L
SDB,2,DE1102,N
SDB,2,DE1102,X
SDB,2,DE1103,M
SDB,2,DE1103,N
SDB,2,DE1103,O
SDB,2,DE1103,R
SDB,2,DE1103,S
SDB,2,DE1103,W
SDB,2,DE1103,X
SDB,2,DE1104,A
SDB,2,DE1104,B
SDB,2,DE1104,C
SDB,2,DE1104,D
SDB,2,DE1104,E
SDB,2,DE1104,F
SDB,2,DE1104,G
SDB,2,DE1104,H
SDB,2,DE1104,I
SDB,2,DE1104,J
SDB,2,DE1104,K
SDB,2,DE1104,L
SDB,2,DE1104,M
SDB,2,DE1104,N
SDB,2,DE1104,P
SDB,2,DE1104,Q
SDB,2,DE1104,R
SDB,2,DE1104,S
SDB,2,DE1104,T
SDB,2,DE1104,U
SDB,2,DE1104,V
SDB,2,DE1104,W
SDB,2,DE1104,X
SDB,2,DE1106,H
SDB,2,DE1106,N
SDB,2,DE1106,O
SDB,2,DE1106,Q
SDB,2,DE1106,Y
SDB,2,DE1106,X
SDB,2,DE1106,Z
SDB,3,DE1201,C
SDB,3,DE1201,S
SDB,3,DE1201,Z
SDB,3,DE1203,E
SDB,3,DE1203,H
SDB,3,DE1203,M
SDB,3,DE1203,N
SDB,3,DE1203,O
SDB,3,DE1203,S
SDB,3,DE1203,X
SDB,3,DE1204,A
SDB,3,DE1204,B
SDB,3,DE1204,C
SDB,3,DE1204,D
SDB,3,DE1204,E
SDB,3,DE1204,F
SDB,3,DE1204,G
SDB,3,DE1204,H
SDB,3,DE1204,I
SDB,3,DE1204,J
SDB,3,DE1204,K
SDB,3,DE1204,L
SDB,3,DE1204,X
SDB,4,DE2001,1
SDB,4,DE2001,2
SDB,4,DE2001,3
SDB,4,DE2001,4
SDB,4,DE2001,5
SDB,4,DE2001,6
SDB,4,DE2001,9
SDB,4,DE2001,A
SDB,4,DE2001,B
SDB,4,DE2001,C
SDB,4,DE2001,D
SDB,4,DE2001,F
SDB,4,DE2001,G
SDB,4,DE2001,H
SDB,4,DE2001,I
SDB,4,DE2001,P
SDB,4,DE2001,T
SDB,4,DE2001,Z
SDB,4,DE2003,C
SDB,4,DE2003,S
SDB,4,DE2003,Z
SDB,4,DE2005,0
SDB,4,DE2005,1
SDB,4,DE2005,2
SDB,4,DE2005,3
SDB,4,DE2005,4
SDB,4,DE2005,5
SDB,4,DE2005,6
SDB,4,DE2005,7
SDB,4,DE2005,8
SDB,4,DE2005,9
SDB,4,DE2005,A
SDB,4,DE2005,B
SDB,4,DE2005,C
SDB,4,DE2005,D
SDB,4,DE2005,E
SDB,4,DE2005,F
SDB,4,DE2005,G
SDB,4,DE2005,H
SDB,4,DE2005,I
SDB,4,DE2005,P
SDB,4,DE2005,T
SDB,4,DE2005,Z
SDB,4,DE2009,Y
SDB,4,DE2009,N
SDB,4,DE2013,Y
SDB,4,DE2013,N
SDB,4,DE2013,Z
SDB,4,DE2021,A
SDB,4,DE2021,B
SDB,4,DE2021,C
SDB,4,DE2021,D
SDB,4,DE2021,E
SDB,4,DE2021,F
SDB,4,DE2021,G
SDB,4,DE2021,N
SDB,4,DE2021,Z
SDB,5,DE2103,1
SDB,5,DE2103,2
SDB,5,DE2103,3
SDB,5,DE2103,4
SDB,5,DE2103,5
SDB,5,DE2103,6
SDB,5,DE2103,7
SDB,5,DE2103,8
SDB,5,DE2103,9
SDB,5,DE2103,A
SDB,5,DE2103,C
SDB,5,DE2103,F
SDB,5,DE2103,I
SDB,5,DE2103,P
SDB,5,DE2103,Z
SDB,5,DE2107,Y
SDB,5,DE2107,N
SDB,5,DE2108,Y
SDB,5,DE2108,N
SDB,5,DE2108,Z
SDB,5,DE2111,A
SDB,5,DE2111,B
SDB,5,DE2111,C
SDB,5,DE2111,D
SDB,5,DE2111,F
SDB,5,DE2111,G
SDB,5,DE2111,N
SDB,5,DE2111,Y
SDB,5,DE2111,Z
SDB,6,DE3003,Y
SDB,6,DE3003,N
SDB,6,DE3004,AP
SDB,6,DE3004,CA
SDB,6,DE3004,CV
SDB,6,DE3004,DA
SDB,6,DE3004,DV
SDB,6,DE3004,EA
SDB,6,DE3004,EV
SDB,6,DE3005,E
SDB,6,DE3005,H
SDB,6,DE3005,N
SDB,6,DE3005,P
SDB,6,DE3005,S
SDB,6,DE3005,Z
SDB,6,DE3006,C
SDB,6,DE3006,D
SDB,6,DE3006,E
SDB,6,DE3006,F
SDB,6,DE3006,G
SDB,6,DE3006,H
SDB,6,DE3006,I
SDB,6,DE3006,N
SDB,6,DE3006,P
SDB,6,DE3006,Q
SDB,6,DE3006,R
SDB,6,DE3006,S
SDB,6,DE3006,T
SDB,6,DE3006,U
SDB,6,DE3006,V
SDB,6,DE3006,W
SDB,6,DE3006,Y
SDB,6,DE3010,Y
SDB,6,DE3010,N
SDB,6,DE3011,C
SDB,6,DE3011,S
SDB,6,DE3011,Z
SDB,6,DE3014,I
SDB,6,DE3014,O
SDB,6,DE3015,Y
SDB,6,DE3015,N
SDB,6,DE3018,C
SDB,6,DE3018,D
SDB,6,DE3018,E
SDB,6,DE3018,Z
SDB,6,DE3025,N
SDB,6,DE3025,Y
SDB,6,DE3025,Z
SDB,7,DE3102,GA
SDB,7,DE3102,GB
SDB,7,DE3102,GC
SDB,7,DE3102,GD
SDB,7,DE3102,GF
SDB,7,DE3102,LA
SDB,7,DE3102,LB
SDB,7,DE3102,LC
SDB,7,DE3102,EA
SDB,7,DE3102,EC
PDB,1,1015_Gender,M
PDB,1,1015_Gender,F
PDB,1,1015_Gender,X
PDB,1,1025_Citizenship,A
PDB,1,1025_Citizenship,C
PDB,1,1025_Citizenship,P
PDB,1,1025_Citizenship,X
PDB,1,1030_Disability_Classification,A
PDB,1,1030_Disability_Classification,B
PDB,1,1030_Disability_Classification,H
PDB,1,1030_Disability_Classification,I
PDB,1,1030_Disability_Classification,L
PDB,1,1030_Disability_Classification,M
PDB,1,1030_Disability_Classification,O
PDB,1,1030_Disability_Classification,P
PDB,1,1030_Disability_Classification,S
PDB,1,1030_Disability_Classification,V
PDB,1,1030_Disability_Classification,Z
PDB,1,1035_Degree_Highest_Earned,1
PDB,1,1035_Degree_Highest_Earned,2
PDB,1,1035_Degree_Highest_Earned,3
PDB,1,1035_Degree_Highest_Earned,4
PDB,1,1035_Degree_Highest_Earned,5
PDB,1,1035_Degree_Highest_Earned,6
PDB,1,1035_Degree_Highest_Earned,7
PDB,1,1035_Degree_Highest_Earned,8
PDB,1,1045_Contract_Status,1
PDB,1,1045_Contract_Status,2
PDB,1,1045_Contract_Status,3
PDB,1,1045_Contract_Status,4
PDB,1,1055_Employment_Status,1
PDB,1,1055_Employment_Status,2
PDB,1,1055_Employment_Status,3
PDB,1,1055_Employment_Status,4
PDB,1,1060_Exempt_From_Public_Records,Y
PDB,1,1060_Exempt_From_Public_Records,N
PDB,1,1065_Faculty_Status,Y
PDB,1,1065_Faculty_Status,N
PDB,1,1070_Race_White,Y
PDB,1,1070_Race_White,N
PDB,1,1070_Race_White,X
PDB,1,1075_Race_Black/African_American,Y
PDB,1,1075_Race_Black/African_American,N
PDB,1,1075_Race_Black/African_American,X
PDB,1,1080_Race_Asian,Y
PDB,1,1080_Race_Asian,N
PDB,1,1080_Race_Asian,X
PDB,1,1085_Race_American_Indian/Alaskan_Native,Y
PDB,1,1085_Race_American_Indian/Alaskan_Native,N
PDB,1,1085_Race_American_Indian/Alaskan_Native,X
PDB,1,1090_Race_Native_Hawaiian/Pacific_Islander,Y
PDB,1,1090_Race_Native_Hawaiian/Pacific_Islander,N
PDB,1,1090_Race_Native_Hawaiian/Pacific_Islander,X
PDB,1,1095_Ethnicity_Hispanic/Latino,Y
PDB,1,1095_Ethnicity_Hispanic/Latino,N
PDB,1,1095_Ethnicity_Hispanic/Latino,X
PDB,1,1009_Primary_Activity/Occupational_Activity_Code,21
PDB,1,1009_Primary_Activity/Occupational_Activity_Code,22
PDB,1,1009_Primary_Activity/Occupational_Activity_Code,23
PDB,1,1009_Primary_Activity/Occupational_Activity_Code,24
PDB,1,1009_Primary_Activity/Occupational_Activity_Code,25
PDB,1,1009_Primary_Activity/Occupational_Activity_Code,26
PDB,1,1009_Primary_Activity/Occupational_Activity_Code,27
PDB,1,1009_Primary_Activity/Occupational_Activity_Code,28
PDB,1,1009_Primary_Activity/Occupational_Activity_Code,29
PDB,1,1009_Primary_Activity/Occupational_Activity_Code,30
PDB,1,1009_Primary_Activity/Occupational_Activity_Code,31
PDB,1,1009_Primary_Activity/Occupational_Activity_Code,32
PDB,1,1009_Primary_Activity/Occupational_Activity_Code,33
PDB,1,1009_Primary_Activity/Occupational_Activity_Code,34
PDB,1,1009_Primary_Activity/Occupational_Activity_Code,35
PDB,1,1009_Primary_Activity/Occupational_Activity_Code,36
PDB,1,1009_Primary_Activity/Occupational_Activity_Code,37
PDB,1,1009_Primary_Activity/Occupational_Activity_Code,38
PDB,1,1009_Primary_Activity/Occupational_Activity_Code,39
PDB,1,1096_EAM_Indicator,E
PDB,1,1096_EAM_Indicator,I
PDB,1,1096_EAM_Indicator,P
PDB,1,1096_EAM_Indicator,N
PDB,2,2005_Occupational_Activity_Classification,21
PDB,2,2005_Occupational_Activity_Classification,22
PDB,2,2005_Occupational_Activity_Classification,23
PDB,2,2005_Occupational_Activity_Classification,24
PDB,2,2005_Occupational_Activity_Classification,25
PDB,2,2005_Occupational_Activity_Classification,26
PDB,2,2005_Occupational_Activity_Classification,27
PDB,2,2005_Occupational_Activity_Classification,28
PDB,2,2005_Occupational_Activity_Classification,29
PDB,2,2005_Occupational_Activity_Classification,30
PDB,2,2005_Occupational_Activity_Classification,31
PDB,2,2005_Occupational_Activity_Classification,32
PDB,2,2005_Occupational_Activity_Classification,33
PDB,2,2005_Occupational_Activity_Classification,34
PDB,2,2005_Occupational_Activity_Classification,35
PDB,2,2005_Occupational_Activity_Classification,36
PDB,2,2005_Occupational_Activity_Classification,37
PDB,2,2005_Occupational_Activity_Classification,38
PDB,2,2005_Occupational_Activity_Classification,39
PDB,2,2030_Academic_Rank,1
PDB,2,2030_Academic_Rank,2
PDB,2,2030_Academic_Rank,3
PDB,2,2030_Academic_Rank,4
PDB,2,2030_Academic_Rank,5
PDB,2,2030_Academic_Rank,6
PDB,2,2030_Academic_Rank,7
PDB,2,2030_Academic_Rank,8
PDB,2,2030_Academic_Rank,9
PDB,2,2040_Employee_Bargaining_Unit_Flag,Y
PDB,2,2040_Employee_Bargaining_Unit_Flag,N
PDB,2,2045_Sabbatical_Educational_Leave,1
PDB,2,2045_Sabbatical_Educational_Leave,2
PDB,2,2045_Sabbatical_Educational_Leave,3
PDB,2,2045_Sabbatical_Educational_Leave,4
PDB,2,2050_Termination_Status,1
PDB,2,2050_Termination_Status,2
PDB,2,2050_Termination_Status,3
PDB,2,2050_Termination_Status,4
PDB,2,2050_Termination_Status,5
PDB,2,2050_Termination_Status,6
PDB,2,2050_Termination_Status,7
PDB,3,3020_Team_Teaching/Multiple_Instr._flag,Y
PDB,3,3020_Team_Teaching/Multiple_Instr._flag,N
PDB,4,4015_Days_of_Course_Meeting,X
PDB,4,4015_Days_of_Course_Meeting,M
PDB,4,4015_Days_of_Course_Meeting,T
PDB,4,4015_Days_of_Course_Meeting,W
PDB,4,4015_Days_of_Course_Meeting,R
PDB,4,4015_Days_of_Course_Meeting,F
PDB,4,4015_Days_of_Course_Meeting,S
PDB,4,4015_Days_of_Course_Meeting,O
PDB,4,4060_Primary_Course_Section_Classification,C
PDB,4,4060_Primary_Course_Section_Classification,R
PDB,4,4060_Primary_Course_Section_Classification,S
PDB,4,4060_Primary_Course_Section_Classification,A
PDB,4,4065_Instructional_Delivery_Method,C
PDB,4,4065_Instructional_Delivery_Method,HB
PDB,4,4065_Instructional_Delivery_Method,D
PDB,4,4070_Technology_Delivery_Indicator,M
PDB,4,4070_Technology_Delivery_Indicator,I
PDB,4,4070_Technology_Delivery_Indicator,L
PDB,4,4070_Technology_Delivery_Indicator,W
PDB,4,4070_Technology_Delivery_Indicator,V
PDB,4,4070_Technology_Delivery_Indicator,H
PDB,4,4070_Technology_Delivery_Indicator,N
PDB,4,4071_Developmental_Education_Primary_Strategy,M
PDB,4,4071_Developmental_Education_Primary_Strategy,P
PDB,4,4071_Developmental_Education_Primary_Strategy,C
PDB,4,4071_Developmental_Education_Primary_Strategy,R
PDB,4,4071_Developmental_Education_Primary_Strategy,Z
PDB,4,4072_Developmental_Education_Modularized_Strategy,Y
PDB,4,4072_Developmental_Education_Modularized_Strategy,N
PDB,4,4072_Developmental_Education_Modularized_Strategy,Z
PDB,4,4073_Developmental_Education_Compression_Strategy,Y
PDB,4,4073_Developmental_Education_Compression_Strategy,N
PDB,4,4073_Developmental_Education_Compression_Strategy,Z
PDB,4,4074_Developmental_Education_Contextualized_Strategy,Y
PDB,4,4074_Developmental_Education_Contextualized_Strategy,N
PDB,4,4074_Developmental_Education_Contextualized_Strategy,Z
PDB,4,4075_Developmental_Education_CoRequisite_Strategy,Y
PDB,4,4075_Developmental_Education_CoRequisite_Strategy,N
PDB,4,4075_Developmental_Education_CoRequisite_Strategy,Z
PDB,6,6005_Salary_Type,1
PDB,6,6005_Salary_Type,2
PDB,6,6005_Salary_Type,3
PDB,6,6005_Salary_Type,4
PDB,6,6005_Salary_Type,5
PDB,7,7005_Selected_Benefits_Type,1
PDB,7,7005_Selected_Benefits_Type,2
PDB,7,7005_Selected_Benefits_Type,3
PDB,7,7005_Selected_Benefits_Type,4
PDB,7,7005_Selected_Benefits_Type,5
PDB,7,7005_Selected_Benefits_Type,A
PDB,7,7005_Selected_Benefits_Type,B
PDB,7,7005_Selected_Benefits_Type,C
PDB,7,7005_Selected_Benefits_Type,D
ADB,1,1005_Gender,F
ADB,1,1005_Gender,M
ADB,1,1005_Gender,X
ADB,1,1001_Citizenship,A
ADB,1,1001_Citizenship,C
ADB,1,1001_Citizenship,P
ADB,1,1001_Citizenship,X
ADB,1,1004_Type of Student at Time of Admission,A
ADB,1,1004_Type of Student at Time of Admission,B
ADB,1,1004_Type of Student at Time of Admission,C
ADB,1,1004_Type of Student at Time of Admission,D
ADB,1,1004_Type of Student at Time of Admission,E
ADB,1,1015_Final Admission Action,A
ADB,1,1015_Final Admission Action,B
ADB,1,1015_Final Admission Action,C
ADB,1,1015_Final Admission Action,D
ADB,1,1015_Final Admission Action,P
ADB,1,1015_Final Admission Action,X
ADB,1,1018_Exception Status,N
ADB,1,1018_Exception Status,T
ADB,1,1018_Exception Status,M
ADB,1,1020_Degree - Highest Level Held,G
ADB,1,1020_Degree - Highest Level Held,H
ADB,1,1020_Degree - Highest Level Held,A
ADB,1,1020_Degree - Highest Level Held,B
ADB,1,1020_Degree - Highest Level Held,C
ADB,1,1020_Degree - Highest Level Held,J
ADB,1,1020_Degree - Highest Level Held,Y
ADB,1,1020_Degree - Highest Level Held,D
ADB,1,1020_Degree - Highest Level Held,E
ADB,1,1020_Degree - Highest Level Held,F
ADB,1,1020_Degree - Highest Level Held,L
ADB,1,1020_Degree - Highest Level Held,M
ADB,1,1020_Degree - Highest Level Held,O
ADB,1,1020_Degree - Highest Level Held,P
ADB,1,1020_Degree - Highest Level Held,R
ADB,1,1020_Degree - Highest Level Held,S
ADB,1,1020_Degree - Highest Level Held,V
ADB,1,1020_Degree - Highest Level Held,W
ADB,1,1020_Degree - Highest Level Held,X
ADB,1,1020_Degree - Highest Level Held,N
ADB,1,1020_Degree - Highest Level Held,Z
ADB,1,1022_Transfer Language Requirement,N
ADB,1,1022_Transfer Language Requirement,Y
ADB,1,1022_Transfer Language Requirement,X
ADB,1,1023_Admission Test Indicator,A
ADB,1,1023_Admission Test Indicator,S
ADB,1,1023_Admission Test Indicator,N
ADB,1,1025_Race-White,Y
ADB,1,1025_Race-White,N
ADB,1,1025_Race-White,X
ADB,1,1026_Race-Black,Y
ADB,1,1026_Race-Black,N
ADB,1,1026_Race-Black,X
ADB,1,1027_Race-Asian,Y
ADB,1,1027_Race-Asian,N
ADB,1,1027_Race-Asian,X
ADB,1,1028_Race-Indian,Y
ADB,1,1028_Race-Indian,N
ADB,1,1028_Race-Indian,X
ADB,1,1029_Race-Hawaiian,Y
ADB,1,1029_Race-Hawaiian,N
ADB,1,1029_Race-Hawaiian,X
ADB,1,1030_Hispanic,Y
ADB,1,1030_Hispanic,N
ADB,1,1030_Hispanic,X
ADB,1,1031_TeacherPrepWaiver,Y
ADB,1,1031_TeacherPrepWaiver,N
ADB,1,1032_Reason for State Approved Teacher Prep Waiver,1
ADB,1,1032_Reason for State Approved Teacher Prep Waiver,2
ADB,1,1032_Reason for State Approved Teacher Prep Waiver,3
ADB,1,1032_Reason for State Approved Teacher Prep Waiver,9
APR,1,DE0035_Gender,M
APR,1,DE0035_Gender,F
APR,1,DE0035_Gender,X
APR,1,DE0050_Citizenship,A
APR,1,DE0050_Citizenship,C
APR,1,DE0050_Citizenship,P
APR,1,DE0050_Citizenship,X
APR,1,DE0080_Temp,Y
APR,1,DE0080_Temp,N
APR,1,DE0090_Full_Time,F
APR,1,DE0090_Full_Time,P
APR,1,DE0130_OAC,21
APR,1,DE0130_OAC,22
APR,1,DE0130_OAC,23
APR,1,DE0130_OAC,24
APR,1,DE0130_OAC,25
APR,1,DE0130_OAC,26
APR,1,DE0130_OAC,27
APR,1,DE0130_OAC,28
APR,1,DE0130_OAC,29
APR,1,DE0130_OAC,30
APR,1,DE0130_OAC,31
APR,1,DE0130_OAC,32
APR,1,DE0130_OAC,33
APR,1,DE0130_OAC,34
APR,1,DE0130_OAC,35
APR,1,DE0130_OAC,36
APR,1,DE0130_OAC,37
APR,1,DE0130_OAC,38
APR,1,DE0130_OAC,39
APR,1,DE0150_Rank,1
APR,1,DE0150_Rank,2
APR,1,DE0150_Rank,3
APR,1,DE0150_Rank,4
APR,1,DE0150_Rank,5
APR,1,DE0150_Rank,6
APR,1,DE0150_Rank,7
APR,1,DE0150_Rank,8
APR,1,DE0150_Rank,9
APR,1,DE0160_Degree,1
APR,1,DE0160_Degree,2
APR,1,DE0160_Degree,3
APR,1,DE0160_Degree,4
APR,1,DE0160_Degree,5
APR,1,DE0160_Degree,6
APR,1,DE0160_Degree,7
APR,1,DE0160_Degree,8
APR,1,DE0170_Leave_Type,0
APR,1,DE0170_Leave_Type,1
APR,1,DE0170_Leave_Type,2
APR,1,DE0170_Leave_Type,3
APR,1,DE0180_Tenure_Status,1
APR,1,DE0180_Tenure_Status,2
APR,1,DE0180_Tenure_Status,3
APR,1,DE0235_Race_White,Y
APR,1,DE0235_Race_White,N
APR,1,DE0235_Race_White,X
APR,1,DE0240_Race_Black,Y
APR,1,DE0240_Race_Black,N
APR,1,DE0240_Race_Black,X
APR,1,DE0245_Race_Asian,Y
APR,1,DE0245_Race_Asian,N
APR,1,DE0245_Race_Asian,X
APR,1,DE0250_Race_Native,Y
APR,1,DE0250_Race_Native,N
APR,1,DE0250_Race_Native,X
APR,1,DE0255_Race_Hawaiian,Y
APR,1,DE0255_Race_Hawaiian,N
APR,1,DE0255_Race_Hawaiian,X
APR,1,DE0260_Race_Hispanic,Y
APR,1,DE0260_Race_Hispanic,N
APR,1,DE0260_Race_Hispanic,X
APR,1,DE0265_Months_Employed,0
APR,1,DE0265_Months_Employed,1
APR,1,DE0265_Months_Employed,2
APR,1,DE0265_Months_Employed,3
APR,1,DE0265_Months_Employed,4
APR,1,DE0265_Months_Employed,5
APR,1,DE0265_Months_Employed,6
APR,1,DE0265_Months_Employed,7
APR,1,DE0265_Months_Employed,8
APR,1,DE0265_Months_Employed,9
APR,1,DE0265_Months_Employed,10
APR,1,DE0265_Months_Employed,11
APR,1,DE0265_Months_Employed,12
APR,1,DE0270_Contract_Status,A
APR,1,DE0270_Contract_Status,B
APR,1,DE0270_Contract_Status,C
APR,1,DE0270_Contract_Status,D
APR,1,DE0270_Contract_Status,X
APR,1,DE0275_Credit_Category,A
APR,1,DE0275_Credit_Category,B
APR,1,DE0275_Credit_Category,C
APR,1,DE0275_Credit_Category,X
APR,1,DE0225_EAM_Indicator,E
APR,1,DE0225_EAM_Indicator,I
APR,1,DE0225_EAM_Indicator,P
APR,1,DE0225_EAM_Indicator,N
APR,1,DE0095_Exempt,Y
APR,1,DE0095_Exempt,N
APR,1,DE0185_Faculty_Status,Y
APR,1,DE0185_Faculty_Status,N
